Product ID,Product Name,Launch Date,Budget (USD),Actual Cost (USD),Key Features,Customer Feedback Score,Market Performance
PDD0001,Product 1,2019-01-06,171958,189153.84453988247,Feature 2,1.8,High
PDD0002,Product 2,2019-01-13,196867,216553.7014211889,Feature 3,4.6,High
PDD0003,Product 3,2019-01-20,181932,200125.42766516266,Feature 4,3.1,Low
PDD0004,Product 4,2019-01-27,153694,169063.23706973897,Feature 5,2.8,Low
PDD0005,Product 5,2019-02-03,169879,186866.91098529473,Feature 6,3.2,Low
PDD0006,Product 6,2019-02-10,160268,176294.9129649485,Feature 7,1.7,High
PDD0007,Product 7,2019-02-17,104886,115374.54216860772,Feature 8,3.5,Low
PDD0008,Product 8,2019-02-24,187337,206070.60894421555,Feature 9,2.5,Low
PDD0009,Product 9,2019-03-03,137498,151247.71291353524,Feature 10,4.6,High
PDD0010,Product 10,2019-03-10,162727,178999.53880388205,Feature 1,1.7,High
PDD0011,Product 11,2019-03-17,176324,193956.53497046276,Feature 2,3.0,Low
PDD0012,Product 12,2019-03-24,66023,72625.26703826583,Feature 3,3.4,Low
PDD0013,Product 13,2019-03-31,91090,100198.95519728604,Feature 4,1.1,High
PDD0014,Product 14,2019-04-07,117221,128942.88759019258,Feature 5,2.5,Low
PDD0015,Product 15,2019-04-14,114820,126301.85662914277,Feature 6,3.9,Medium
PDD0016,Product 16,2019-04-21,50769,55846.046538975555,Feature 7,4.3,Medium
PDD0017,Product 17,2019-04-28,109735,120708.53031056662,Feature 8,2.3,Low
PDD0018,Product 18,2019-05-05,114925,126417.616650083,Feature 9,4.2,Medium
PDD0019,Product 19,2019-05-12,55311,60842.20399924399,Feature 10,4.9,High
PDD0020,Product 20,2019-05-19,153355,168690.39993797193,Feature 1,4.4,Medium
PDD0021,Product 21,2019-05-26,135305,148835.74298477286,Feature 2,1.5,High
PDD0022,Product 22,2019-06-02,180608,198668.99497325957,Feature 3,4.0,Medium
PDD0023,Product 23,2019-06-09,134478,147925.7436233558,Feature 4,2.3,Low
PDD0024,Product 24,2019-06-16,172537,189790.34317947007,Feature 5,5.0,High
PDD0025,Product 25,2019-06-23,199503,219453.26434679102,Feature 6,2.9,Low
PDD0026,Product 26,2019-06-30,180523,198575.32382962623,Feature 7,1.5,High
PDD0027,Product 27,2019-07-07,52747,58021.643228096524,Feature 8,3.9,Medium
PDD0028,Product 28,2019-07-14,173855,191240.47784779037,Feature 9,2.3,Low
PDD0029,Product 29,2019-07-21,115725,127297.41713419638,Feature 10,5.0,High
PDD0030,Product 30,2019-07-28,179981,197979.19216347183,Feature 1,4.9,High
PDD0031,Product 31,2019-08-04,134654,148119.40636332406,Feature 2,3.6,Medium
PDD0032,Product 32,2019-08-11,169346,186280.6951514063,Feature 3,1.5,High
PDD0033,Product 33,2019-08-18,117435,129178.62222033464,Feature 4,3.7,Medium
PDD0034,Product 34,2019-08-25,106886,117574.3825676436,Feature 5,1.4,High
PDD0035,Product 35,2019-09-01,116803,128483.22294777894,Feature 6,1.1,High
PDD0036,Product 36,2019-09-08,81551,89706.03759707064,Feature 7,4.3,Medium
PDD0037,Product 37,2019-09-15,166216,182837.857137236,Feature 8,1.8,High
PDD0038,Product 38,2019-09-22,61394,67533.41490053669,Feature 9,2.5,Low
PDD0039,Product 39,2019-09-29,119092,131001.28125605965,Feature 10,4.9,High
PDD0040,Product 40,2019-10-06,53890,59278.81193082308,Feature 1,2.3,Low
PDD0041,Product 41,2019-10-13,91606,100766.61432154526,Feature 2,2.2,Low
PDD0042,Product 42,2019-10-20,137313,151044.39782929822,Feature 3,4.7,High
PDD0043,Product 43,2019-10-27,191699,210868.98619650854,Feature 4,1.4,High
PDD0044,Product 44,2019-11-03,58792,64671.262339943896,Feature 5,4.0,Medium
PDD0045,Product 45,2019-11-10,118148,129962.80130005066,Feature 6,5.0,High
PDD0046,Product 46,2019-11-17,174243,191667.3061568621,Feature 7,4.6,High
PDD0047,Product 47,2019-11-24,170174,187191.23067338255,Feature 8,3.6,Medium
PDD0048,Product 48,2019-12-01,174358,191793.7099467115,Feature 9,2.3,Low
PDD0049,Product 49,2019-12-08,98555,108410.52309439566,Feature 10,2.0,High
PDD0050,Product 50,2019-12-15,67159,73874.82840241931,Feature 1,4.3,Medium
PDD0051,Product 51,2019-12-22,160510,176561.06888382472,Feature 2,4.5,Medium
PDD0052,Product 52,2019-12-29,156530,172183.04667825502,Feature 3,3.1,Low
PDD0053,Product 53,2020-01-05,130077,143084.83673702547,Feature 4,2.0,High
PDD0054,Product 54,2020-01-12,85920,94512.09582538262,Feature 5,1.5,High
PDD0055,Product 55,2020-01-19,69457,76402.72272614093,Feature 6,1.3,High
PDD0056,Product 56,2020-01-26,128953,141848.37479804343,Feature 7,3.9,Medium
PDD0057,Product 57,2020-02-02,102995,113294.60051021625,Feature 8,2.7,Low
PDD0058,Product 58,2020-02-09,59692,65661.14925627143,Feature 9,4.6,High
PDD0059,Product 59,2020-02-16,87065,95771.46706690018,Feature 10,4.0,Medium
PDD0060,Product 60,2020-02-23,149299,164228.8903173963,Feature 1,1.8,High
PDD0061,Product 61,2020-03-01,61534,67687.35244694559,Feature 2,3.5,Low
PDD0062,Product 62,2020-03-08,90397,99436.80156869451,Feature 3,2.7,Low
PDD0063,Product 63,2020-03-15,141387,155525.63726894584,Feature 4,3.3,Low
PDD0064,Product 64,2020-03-22,51016,56117.725165147145,Feature 5,4.0,Medium
PDD0065,Product 65,2020-03-29,105591,116150.06330268012,Feature 6,4.2,Medium
PDD0066,Product 66,2020-04-05,73247,80571.7472396643,Feature 7,4.4,Medium
PDD0067,Product 67,2020-04-12,74300,81730.01664151487,Feature 8,2.0,High
PDD0068,Product 68,2020-04-19,132798,146077.70240201917,Feature 9,1.1,High
PDD0069,Product 69,2020-04-26,59268,65194.79801102705,Feature 10,4.0,Medium
PDD0070,Product 70,2020-05-03,136807,150487.73336435316,Feature 1,1.4,High
PDD0071,Product 71,2020-05-10,62185,68403.49357073128,Feature 2,2.3,Low
PDD0072,Product 72,2020-05-17,189643,208607.16572934415,Feature 3,1.0,High
PDD0073,Product 73,2020-05-24,88044,96848.57014292436,Feature 4,3.7,Medium
PDD0074,Product 74,2020-05-31,101214,111335.40876994829,Feature 5,1.7,High
PDD0075,Product 75,2020-06-07,164752,181227.1205697425,Feature 6,3.6,Medium
PDD0076,Product 76,2020-06-14,98984,108882.56207680235,Feature 7,5.0,High
PDD0077,Product 77,2020-06-21,90774,99851.46173898099,Feature 8,1.3,High
PDD0078,Product 78,2020-06-28,52568,57824.679983000366,Feature 9,1.3,High
PDD0079,Product 79,2020-07-05,170151,187165.99555052537,Feature 10,2.4,Low
PDD0080,Product 80,2020-07-12,183767,202143.67776052802,Feature 1,4.5,Medium
PDD0081,Product 81,2020-07-19,174375,191812.52973069792,Feature 2,1.9,High
PDD0082,Product 82,2020-07-26,186330,204963.06227998316,Feature 3,2.4,Low
PDD0083,Product 83,2020-08-02,89504,98454.49501784796,Feature 4,1.3,High
PDD0084,Product 84,2020-08-09,63986,70384.65395724065,Feature 5,4.1,Medium
PDD0085,Product 85,2020-08-16,111858,123043.93467459787,Feature 6,2.6,Low
PDD0086,Product 86,2020-08-23,179312,197243.21267931597,Feature 7,4.0,Medium
PDD0087,Product 87,2020-08-30,62666,68932.52403606196,Feature 8,4.6,High
PDD0088,Product 88,2020-09-06,88660,97525.99966491305,Feature 9,1.9,High
PDD0089,Product 89,2020-09-13,184633,203096.293101934,Feature 10,4.2,Medium
PDD0090,Product 90,2020-09-20,76854,84539.14217845704,Feature 1,1.2,High
PDD0091,Product 91,2020-09-27,114505,125955.44386331411,Feature 2,4.6,High
PDD0092,Product 92,2020-10-04,154488,169936.83142037332,Feature 3,3.6,Medium
PDD0093,Product 93,2020-10-11,72662,79928.1575784435,Feature 4,4.5,Medium
PDD0094,Product 94,2020-10-18,58392,64231.135379063824,Feature 5,1.0,High
PDD0095,Product 95,2020-10-25,80535,88588.59113761959,Feature 6,1.7,High
PDD0096,Product 96,2020-11-01,163569,179925.80834541755,Feature 7,2.6,Low
PDD0097,Product 97,2020-11-08,102256,112481.67116226505,Feature 8,2.5,Low
PDD0098,Product 98,2020-11-15,139135,153048.3667255529,Feature 9,1.9,High
PDD0099,Product 99,2020-11-22,177478,195226.0760761936,Feature 10,2.5,Low
PDD0100,Product 100,2020-11-29,85222,93744.17843144732,Feature 1,1.5,High
PDD0101,Product 101,2020-12-06,127373,140110.2676734711,Feature 2,2.7,Low
PDD0102,Product 102,2020-12-13,173684,191052.5143065903,Feature 3,4.2,Medium
PDD0103,Product 103,2020-12-20,60965,67061.45812951592,Feature 4,2.9,Low
PDD0104,Product 104,2020-12-27,74538,81991.94549278084,Feature 5,1.1,High
PDD0105,Product 105,2021-01-03,158066,173872.63715938304,Feature 6,2.7,Low
PDD0106,Product 106,2021-01-10,163252,179577.18816020995,Feature 7,1.1,High
PDD0107,Product 107,2021-01-17,189182,208100.17749940968,Feature 8,4.9,High
PDD0108,Product 108,2021-01-24,148806,163686.72075921705,Feature 9,1.5,High
PDD0109,Product 109,2021-01-31,187982,206780.22304872147,Feature 10,3.8,Medium
PDD0110,Product 110,2021-02-07,160989,177087.94323087315,Feature 1,4.9,High
PDD0111,Product 111,2021-02-14,140982,155080.25410018727,Feature 2,4.3,Medium
PDD0112,Product 112,2021-02-21,171626,188788.61329361852,Feature 3,3.8,Medium
PDD0113,Product 113,2021-02-28,169176,186093.65198722263,Feature 4,4.4,Medium
PDD0114,Product 114,2021-03-07,181278,199405.78816765774,Feature 5,4.9,High
PDD0115,Product 115,2021-03-14,172409,189649.89501913683,Feature 6,3.5,Low
PDD0116,Product 116,2021-03-21,73419,80760.78808850721,Feature 7,3.2,Low
PDD0117,Product 117,2021-03-28,100015,110016.52977602511,Feature 8,3.5,Low
PDD0118,Product 118,2021-04-04,172096,189305.42804589935,Feature 9,3.1,Low
PDD0119,Product 119,2021-04-11,157059,172764.9283558071,Feature 10,3.5,Low
PDD0120,Product 120,2021-04-18,160687,176755.6719383984,Feature 1,2.8,Low
PDD0121,Product 121,2021-04-25,137939,151732.93745851098,Feature 2,1.9,High
PDD0122,Product 122,2021-05-02,199213,219134.19511716662,Feature 3,1.5,High
PDD0123,Product 123,2021-05-09,155878,171465.58806426323,Feature 4,1.3,High
PDD0124,Product 124,2021-05-16,112623,123885.2649134693,Feature 5,2.1,Low
PDD0125,Product 125,2021-05-23,125450,137994.8954087331,Feature 6,1.2,High
PDD0126,Product 126,2021-05-30,143426,157768.4219443317,Feature 7,3.3,Low
PDD0127,Product 127,2021-06-06,167845,184629.576798327,Feature 8,2.1,Low
PDD0128,Product 128,2021-06-13,93585,102943.66012382273,Feature 9,4.3,Medium
PDD0129,Product 129,2021-06-20,159225,175147.4203048564,Feature 10,1.3,High
PDD0130,Product 130,2021-06-27,114044,125448.39242291728,Feature 1,1.9,High
PDD0131,Product 131,2021-07-04,159556,175511.56922143835,Feature 2,3.9,Medium
PDD0132,Product 132,2021-07-11,52693,57962.234110157806,Feature 3,3.4,Low
PDD0133,Product 133,2021-07-18,145259,159784.9663737214,Feature 4,1.3,High
PDD0134,Product 134,2021-07-25,75939,83533.00101414605,Feature 5,4.5,Medium
PDD0135,Product 135,2021-08-01,68047,74851.61313928108,Feature 6,4.5,Medium
PDD0136,Product 136,2021-08-08,76105,83715.5044766867,Feature 7,2.3,Low
PDD0137,Product 137,2021-08-15,125766,138342.7284533034,Feature 8,2.4,Low
PDD0138,Product 138,2021-08-22,196779,216456.96890362035,Feature 9,5.0,High
PDD0139,Product 139,2021-08-29,94262,103688.28376974385,Feature 10,3.5,Low
PDD0140,Product 140,2021-09-05,175117,192628.83679853074,Feature 1,3.1,Low
PDD0141,Product 141,2021-09-12,73776,81153.73548451724,Feature 2,4.4,Medium
PDD0142,Product 142,2021-09-19,178376,196213.70286426303,Feature 3,2.1,Low
PDD0143,Product 143,2021-09-26,187848,206632.8144937415,Feature 4,2.7,Low
PDD0144,Product 144,2021-10-03,142787,157065.66175169827,Feature 5,2.1,Low
PDD0145,Product 145,2021-10-10,177948,195742.81034777654,Feature 6,4.2,Medium
PDD0146,Product 146,2021-10-17,105016,115517.5465593314,Feature 7,3.3,Low
PDD0147,Product 147,2021-10-24,190546,209600.40475131272,Feature 8,3.6,Medium
PDD0148,Product 148,2021-10-31,71959,79154.87205009343,Feature 9,2.0,High
PDD0149,Product 149,2021-11-07,186602,205262.2357526244,Feature 10,1.9,High
PDD0150,Product 150,2021-11-14,169101,186011.04127305822,Feature 1,3.0,Low
PDD0151,Product 151,2021-11-21,53748,59122.78072202128,Feature 2,4.0,Medium
PDD0152,Product 152,2021-11-28,63545,69899.4845963284,Feature 3,3.1,Low
PDD0153,Product 153,2021-12-05,177659,195425.03568567746,Feature 4,1.1,High
PDD0154,Product 154,2021-12-12,123530,135882.96405627258,Feature 5,4.5,Medium
PDD0155,Product 155,2021-12-19,143557,157912.83566333822,Feature 6,1.3,High
PDD0156,Product 156,2021-12-26,111087,122195.42875095083,Feature 7,4.8,High
PDD0157,Product 157,2022-01-02,118840,130724.13478557815,Feature 8,1.1,High
PDD0158,Product 158,2022-01-09,168451,185296.22974061148,Feature 9,3.8,Medium
PDD0159,Product 159,2022-01-16,101005,111105.59022546736,Feature 10,1.3,High
PDD0160,Product 160,2022-01-23,89353,98288.09880819968,Feature 1,4.6,High
PDD0161,Product 161,2022-01-30,102733,113006.40188869952,Feature 2,2.9,Low
PDD0162,Product 162,2022-02-06,115318,126849.79498808245,Feature 3,1.6,High
PDD0163,Product 163,2022-02-13,117172,128888.94706625602,Feature 4,2.4,Low
PDD0164,Product 164,2022-02-20,143264,157590.52981777082,Feature 5,1.7,High
PDD0165,Product 165,2022-02-27,76736,84409.74441730785,Feature 6,1.7,High
PDD0166,Product 166,2022-03-06,162859,179144.70954879283,Feature 7,4.8,High
PDD0167,Product 167,2022-03-13,162181,178399.11754210753,Feature 8,2.8,Low
PDD0168,Product 168,2022-03-20,181926,200118.73885911214,Feature 9,4.2,Medium
PDD0169,Product 169,2022-03-27,140084,154092.52301613137,Feature 10,3.6,Medium
PDD0170,Product 170,2022-04-03,57392,63131.28360610512,Feature 1,3.7,Medium
PDD0171,Product 171,2022-04-10,105680,116247.73527471203,Feature 2,1.5,High
PDD0172,Product 172,2022-04-17,100859,110944.97295427667,Feature 3,1.9,High
PDD0173,Product 173,2022-04-24,175657,193222.67818961016,Feature 4,4.1,Medium
PDD0174,Product 174,2022-05-01,120467,132513.7995857529,Feature 5,4.9,High
PDD0175,Product 175,2022-05-08,148506,163356.62561614584,Feature 6,2.1,Low
PDD0176,Product 176,2022-05-15,159751,175726.09801183897,Feature 7,2.1,Low
PDD0177,Product 177,2022-05-22,168906,185796.66409038493,Feature 8,2.9,Low
PDD0178,Product 178,2022-05-29,193760,213135.98280866293,Feature 9,4.9,High
PDD0179,Product 179,2022-06-05,75342,82876.19757227202,Feature 10,2.1,Low
PDD0180,Product 180,2022-06-12,156308,171938.7444776001,Feature 1,2.6,Low
PDD0181,Product 181,2022-06-19,156081,171688.9394591009,Feature 2,4.6,High
PDD0182,Product 182,2022-06-26,139045,152949.55678534738,Feature 3,1.0,High
PDD0183,Product 183,2022-07-03,84698,93167.71939696804,Feature 4,1.2,High
PDD0184,Product 184,2022-07-10,160078,176085.77992081342,Feature 5,3.4,Low
PDD0185,Product 185,2022-07-17,130623,143685.32869739586,Feature 6,4.6,High
PDD0186,Product 186,2022-07-24,72671,79937.89147823564,Feature 7,2.0,High
PDD0187,Product 187,2022-07-31,143384,157722.21386510966,Feature 8,2.9,Low
PDD0188,Product 188,2022-08-07,136202,149822.17002614235,Feature 9,2.8,Low
PDD0189,Product 189,2022-08-14,101663,111829.34545634824,Feature 10,2.9,Low
PDD0190,Product 190,2022-08-21,65708,72278.87440382707,Feature 1,3.5,Low
PDD0191,Product 191,2022-08-28,141906,156096.44086855042,Feature 2,2.9,Low
PDD0192,Product 192,2022-09-04,99811,109792.16366314844,Feature 3,2.8,Low
PDD0193,Product 193,2022-09-11,183883,202271.27549303818,Feature 4,2.9,Low
PDD0194,Product 194,2022-09-18,106250,116874.9116842755,Feature 5,3.4,Low
PDD0195,Product 195,2022-09-25,162547,178801.6351448144,Feature 6,3.1,Low
PDD0196,Product 196,2022-10-02,174249,191673.98018573323,Feature 7,4.4,Medium
PDD0197,Product 197,2022-10-09,84754,93229.42740057851,Feature 8,1.2,High
PDD0198,Product 198,2022-10-16,192483,211731.3050306523,Feature 9,4.3,Medium
PDD0199,Product 199,2022-10-23,183983,202381.3243495739,Feature 10,4.4,Medium
PDD0200,Product 200,2022-10-30,189752,208727.29280977766,Feature 1,2.1,Low
PDD0201,Product 201,2022-11-06,134896,148385.59029004327,Feature 2,2.9,Low
PDD0202,Product 202,2022-11-13,121295,133424.50543188865,Feature 3,2.8,Low
PDD0203,Product 203,2022-11-20,150689,165758.01381707404,Feature 4,1.9,High
PDD0204,Product 204,2022-11-27,61111,67222.06684133758,Feature 5,2.6,Low
PDD0205,Product 205,2022-12-04,87504,96254.46181405954,Feature 6,1.2,High
PDD0206,Product 206,2022-12-11,182874,201161.34962955196,Feature 7,2.1,Low
PDD0207,Product 207,2022-12-18,58155,63970.458413265864,Feature 8,4.3,Medium
PDD0208,Product 208,2022-12-25,89384,98322.38959502433,Feature 9,2.1,Low
PDD0209,Product 209,2023-01-01,162561,178817.1515272853,Feature 10,4.3,Medium
PDD0210,Product 210,2023-01-08,97254,106979.51941819626,Feature 1,3.1,Low
PDD0211,Product 211,2023-01-15,71918,79109.80965452635,Feature 2,4.5,Medium
PDD0212,Product 212,2023-01-22,135981,149578.95001630887,Feature 3,3.3,Low
PDD0213,Product 213,2023-01-29,80306,88336.66314462936,Feature 4,1.1,High
PDD0214,Product 214,2023-02-05,197718,217490.04538421743,Feature 5,3.7,Medium
PDD0215,Product 215,2023-02-12,96843,106527.31086688311,Feature 6,1.2,High
PDD0216,Product 216,2023-02-19,170975,188072.32912323612,Feature 7,2.8,Low
PDD0217,Product 217,2023-02-26,146601,161261.11696528897,Feature 8,4.7,High
PDD0218,Product 218,2023-03-05,157512,173263.19969873969,Feature 9,1.7,High
PDD0219,Product 219,2023-03-12,197443,217187.29128911567,Feature 10,2.6,Low
PDD0220,Product 220,2023-03-19,161472,177619.29454099,Feature 1,3.9,Medium
PDD0221,Product 221,2023-03-26,183121,201433.23782747865,Feature 2,4.5,Medium
PDD0222,Product 222,2023-04-02,153727,169099.76835857454,Feature 3,3.7,Medium
PDD0223,Product 223,2023-04-09,162893,179182.28669419154,Feature 4,2.0,High
PDD0224,Product 224,2023-04-16,70932,78025.31256787844,Feature 5,3.7,Medium
PDD0225,Product 225,2023-04-23,167796,184575.45061703588,Feature 6,2.2,Low
PDD0226,Product 226,2023-04-30,79855,87840.42839438793,Feature 7,3.9,Medium
PDD0227,Product 227,2023-05-07,57400,63139.93953722215,Feature 8,4.8,High
PDD0228,Product 228,2023-05-14,167858,184643.7969049352,Feature 9,3.9,Medium
PDD0229,Product 229,2023-05-21,65151,71666.15067346625,Feature 10,4.5,Medium
PDD0230,Product 230,2023-05-28,116690,128358.97992870519,Feature 1,1.0,High
PDD0231,Product 231,2023-06-04,54499,59948.809396420555,Feature 2,3.9,Medium
PDD0232,Product 232,2023-06-11,56295,61924.59748502848,Feature 3,4.3,Medium
PDD0233,Product 233,2023-06-18,170885,187973.4764543278,Feature 4,1.2,High
PDD0234,Product 234,2023-06-25,176071,193678.1102128921,Feature 5,4.5,Medium
PDD0235,Product 235,2023-07-02,109040,119944.05510677457,Feature 6,2.0,High
PDD0236,Product 236,2023-07-09,62183,68401.30388776079,Feature 7,3.7,Medium
PDD0237,Product 237,2023-07-16,193946,213340.60432716948,Feature 8,4.2,Medium
PDD0238,Product 238,2023-07-23,166336,182969.70304734205,Feature 9,3.7,Medium
PDD0239,Product 239,2023-07-30,82711,90982.11513694747,Feature 10,1.4,High
PDD0240,Product 240,2023-08-06,55539,61092.98627969858,Feature 1,3.4,Low
PDD0241,Product 241,2023-08-13,176063,193669.35446674444,Feature 2,3.2,Low
PDD0242,Product 242,2023-08-20,183629,201992.10168875445,Feature 3,4.6,High
PDD0243,Product 243,2023-08-27,88360,97196.0409413418,Feature 4,2.6,Low
PDD0244,Product 244,2023-09-03,183272,201599.26379732703,Feature 5,2.3,Low
PDD0245,Product 245,2023-09-10,71357,78492.81016567141,Feature 6,4.0,Medium
PDD0246,Product 246,2023-09-17,169121,186033.106361776,Feature 7,2.7,Low
PDD0247,Product 247,2023-09-24,127505,140255.43621469033,Feature 8,3.6,Medium
PDD0248,Product 248,2023-10-01,52869,58155.85258544189,Feature 9,3.6,Medium
PDD0249,Product 249,2023-10-08,100108,110118.75354930745,Feature 10,4.6,High
PDD0250,Product 250,2023-10-15,162296,178525.5049669032,Feature 1,3.4,Low
PDD0251,Product 251,2023-10-22,144179,158596.93178051696,Feature 2,3.0,Low
PDD0252,Product 252,2023-10-29,140272,154299.1370483452,Feature 3,1.6,High
PDD0253,Product 253,2023-11-05,88467,97313.71948528213,Feature 4,1.5,High
PDD0254,Product 254,2023-11-12,73328,80660.78413255564,Feature 5,1.6,High
PDD0255,Product 255,2023-11-19,141412,155553.19583785068,Feature 6,1.7,High
PDD0256,Product 256,2023-11-26,185059,203564.9556056648,Feature 7,3.6,Medium
PDD0257,Product 257,2023-12-03,108871,119758.04581008757,Feature 8,4.0,Medium
PDD0258,Product 258,2023-12-10,178391,196230.1638891046,Feature 9,3.1,Low
PDD0259,Product 259,2023-12-17,136416,150057.75673078667,Feature 10,4.3,Medium
PDD0260,Product 260,2023-12-24,120271,132298.1343109083,Feature 1,5.0,High
PDD0261,Product 261,2023-12-31,94064,103470.32179043148,Feature 2,4.3,Medium
PDD0262,Product 262,2024-01-07,157450,173194.93849819887,Feature 3,3.8,Medium
PDD0263,Product 263,2024-01-14,69830,76812.97517370993,Feature 4,3.1,Low
PDD0264,Product 264,2024-01-21,198501,218351.0405109703,Feature 5,2.8,Low
PDD0265,Product 265,2024-01-28,187965,206761.40088196908,Feature 6,1.3,High
PDD0266,Product 266,2024-02-04,166381,183019.1154407277,Feature 7,2.6,Low
PDD0267,Product 267,2024-02-11,97333,107066.27788026683,Feature 8,4.6,High
PDD0268,Product 268,2024-02-18,184508,202958.81897208837,Feature 9,4.2,Medium
PDD0269,Product 269,2024-02-25,126213,138834.41863874125,Feature 10,1.9,High
PDD0270,Product 270,2024-03-03,186967,205663.6763647166,Feature 1,2.9,Low
PDD0271,Product 271,2024-03-10,80746,88820.48145799954,Feature 2,4.3,Medium
PDD0272,Product 272,2024-03-17,99377,109314.66011075079,Feature 3,1.3,High
PDD0273,Product 273,2024-03-24,104045,114449.57704252172,Feature 4,2.5,Low
PDD0274,Product 274,2024-03-31,147888,162676.8676770271,Feature 5,4.4,Medium
PDD0275,Product 275,2024-04-07,157455,173200.55186396476,Feature 6,2.6,Low
PDD0276,Product 276,2024-04-14,186672,205339.1375293277,Feature 7,1.3,High
PDD0277,Product 277,2024-04-21,143179,157496.97519026182,Feature 8,3.2,Low
PDD0278,Product 278,2024-04-28,95714,105285.49768990782,Feature 9,4.4,Medium
PDD0279,Product 279,2024-05-05,152946,168240.530457837,Feature 10,3.4,Low
PDD0280,Product 280,2024-05-12,159616,175577.59584299024,Feature 1,1.9,High
PDD0281,Product 281,2024-05-19,155983,171581.50204019638,Feature 2,2.5,Low
PDD0282,Product 282,2024-05-26,174123,191535.22601257238,Feature 3,2.8,Low
PDD0283,Product 283,2024-06-02,199661,219626.92949133308,Feature 4,3.3,Low
PDD0284,Product 284,2024-06-09,93484,102832.53829044345,Feature 5,4.0,Medium
PDD0285,Product 285,2024-06-16,132989,146288.01366047718,Feature 6,1.4,High
PDD0286,Product 286,2024-06-23,86212,94833.15430326766,Feature 7,4.6,High
PDD0287,Product 287,2024-06-30,93525,102877.48870082182,Feature 8,1.0,High
PDD0288,Product 288,2024-07-07,113208,124528.67750649499,Feature 9,2.5,Low
PDD0289,Product 289,2024-07-14,83828,92210.80889522727,Feature 10,1.1,High
PDD0290,Product 290,2024-07-21,199783,219761.41659137156,Feature 1,2.6,Low
PDD0291,Product 291,2024-07-28,53420,58761.94573951583,Feature 2,3.1,Low
PDD0292,Product 292,2024-08-04,146752,161427.28771019788,Feature 3,3.0,Low
PDD0293,Product 293,2024-08-11,181373,199510.34637238574,Feature 4,1.7,High
PDD0294,Product 294,2024-08-18,165294,181823.45778168913,Feature 5,3.6,Medium
PDD0295,Product 295,2024-08-25,174019,191420.85156908198,Feature 6,1.2,High
PDD0296,Product 296,2024-09-01,115726,127298.56453758171,Feature 7,4.0,Medium
PDD0297,Product 297,2024-09-08,191564,210720.2153227566,Feature 8,4.8,High
PDD0298,Product 298,2024-09-15,165668,182234.74333305878,Feature 9,2.4,Low
PDD0299,Product 299,2024-09-22,56102,61712.316348545806,Feature 10,3.1,Low
PDD0300,Product 300,2024-09-29,168015,184816.4070667806,Feature 1,2.5,Low
PDD0301,Product 301,2024-10-06,76641,84305.02196983462,Feature 2,1.0,High
PDD0302,Product 302,2024-10-13,153746,169120.66401898238,Feature 3,2.5,Low
PDD0303,Product 303,2024-10-20,86631,95294.1402768292,Feature 4,4.2,Medium
PDD0304,Product 304,2024-10-27,122991,135290.16898632498,Feature 5,3.4,Low
PDD0305,Product 305,2024-11-03,54014,59415.28367794599,Feature 6,1.4,High
PDD0306,Product 306,2024-11-10,61093,67202.55640579494,Feature 7,4.4,Medium
PDD0307,Product 307,2024-11-17,68070,74876.87842466259,Feature 8,3.1,Low
PDD0308,Product 308,2024-11-24,85777,94354.71542473139,Feature 9,4.4,Medium
PDD0309,Product 309,2024-12-01,106958,117653.78413445041,Feature 10,3.3,Low
PDD0310,Product 310,2024-12-08,132074,145281.2813358483,Feature 1,3.2,Low
PDD0311,Product 311,2024-12-15,60729,66801.86297905773,Feature 2,1.4,High
PDD0312,Product 312,2024-12-22,155864,171450.40233076012,Feature 3,1.7,High
PDD0313,Product 313,2024-12-29,180858,198943.73500267882,Feature 4,4.9,High
PDD0314,Product 314,2025-01-05,155510,171061.09372236216,Feature 5,1.9,High
PDD0315,Product 315,2025-01-12,104748,115222.78383742545,Feature 6,4.9,High
PDD0316,Product 316,2025-01-19,55801,61380.965872532906,Feature 7,3.1,Low
PDD0317,Product 317,2025-01-26,79592,87551.05738744675,Feature 8,1.5,High
PDD0318,Product 318,2025-02-02,60647,66711.76061650907,Feature 9,1.4,High
PDD0319,Product 319,2025-02-09,189788,208766.65132292174,Feature 10,1.8,High
PDD0320,Product 320,2025-02-16,160627,176689.7316426073,Feature 1,4.7,High
PDD0321,Product 321,2025-02-23,120316,132347.64446551856,Feature 2,2.7,Low
PDD0322,Product 322,2025-03-02,52368,57604.70046446361,Feature 3,2.6,Low
PDD0323,Product 323,2025-03-09,127575,140332.58907380837,Feature 4,2.3,Low
PDD0324,Product 324,2025-03-16,56655,62320.32822063763,Feature 5,1.6,High
PDD0325,Product 325,2025-03-23,120031,132034.1296458934,Feature 6,3.0,Low
PDD0326,Product 326,2025-03-30,137922,151714.19591420665,Feature 7,1.5,High
PDD0327,Product 327,2025-04-06,174046,191450.58810020244,Feature 8,4.3,Medium
PDD0328,Product 328,2025-04-13,194475,213922.38221033572,Feature 9,2.5,Low
PDD0329,Product 329,2025-04-20,82097,90306.60629779958,Feature 10,2.5,Low
PDD0330,Product 330,2025-04-27,192038,211241.96188020252,Feature 1,2.9,Low
PDD0331,Product 331,2025-05-04,174862,192348.3215155009,Feature 2,2.8,Low
PDD0332,Product 332,2025-05-11,168834,185717.47420845888,Feature 3,5.0,High
PDD0333,Product 333,2025-05-18,143848,158232.89398481036,Feature 4,3.2,Low
PDD0334,Product 334,2025-05-25,102921,113213.18460135447,Feature 5,1.4,High
PDD0335,Product 335,2025-06-01,176141,193755.0676643788,Feature 6,3.4,Low
PDD0336,Product 336,2025-06-08,72677,79944.70476035519,Feature 7,1.6,High
PDD0337,Product 337,2025-06-15,105609,116169.7527491622,Feature 8,1.1,High
PDD0338,Product 338,2025-06-22,81024,89126.39103043733,Feature 9,4.9,High
PDD0339,Product 339,2025-06-29,120313,132344.418341425,Feature 10,4.1,Medium
PDD0340,Product 340,2025-07-06,177813,195594.2339292752,Feature 1,4.9,High
PDD0341,Product 341,2025-07-13,145285,159813.60231412048,Feature 2,2.9,Low
PDD0342,Product 342,2025-07-20,196410,216051.0091585739,Feature 3,3.1,Low
PDD0343,Product 343,2025-07-27,163632,179995.06146281344,Feature 4,1.7,High
PDD0344,Product 344,2025-08-03,53051,58355.989268048674,Feature 5,2.0,High
PDD0345,Product 345,2025-08-10,164692,181161.29193028697,Feature 6,4.4,Medium
PDD0346,Product 346,2025-08-17,137235,150958.55525240852,Feature 7,2.4,Low
PDD0347,Product 347,2025-08-24,123523,135875.3101764073,Feature 8,4.3,Medium
PDD0348,Product 348,2025-08-31,144476,158923.5725968186,Feature 9,3.8,Medium
PDD0349,Product 349,2025-09-07,67019,73720.92105679777,Feature 10,1.7,High
PDD0350,Product 350,2025-09-14,133613,146974.38802962494,Feature 1,3.0,Low
PDD0351,Product 351,2025-09-21,136672,150339.34758532807,Feature 2,3.7,Medium
PDD0352,Product 352,2025-09-28,123847,136231.85236841996,Feature 3,1.9,High
PDD0353,Product 353,2025-10-05,132750,146025.03719599007,Feature 4,4.3,Medium
PDD0354,Product 354,2025-10-12,78251,86076.08280683096,Feature 5,3.2,Low
PDD0355,Product 355,2025-10-19,153481,168829.1146248008,Feature 6,1.7,High
PDD0356,Product 356,2025-10-26,162566,178822.65221203573,Feature 7,3.3,Low
PDD0357,Product 357,2025-11-02,75945,83539.55180669439,Feature 8,5.0,High
PDD0358,Product 358,2025-11-09,140852,154937.33079866372,Feature 9,1.6,High
PDD0359,Product 359,2025-11-16,82217,90438.9115755722,Feature 10,4.3,Medium
PDD0360,Product 360,2025-11-23,58308,64138.77947453704,Feature 1,1.8,High
PDD0361,Product 361,2025-11-30,55949,61544.11558849088,Feature 2,4.1,Medium
PDD0362,Product 362,2025-12-07,182222,200444.31722392468,Feature 3,3.9,Medium
PDD0363,Product 363,2025-12-14,150235,165258.489917701,Feature 4,2.2,Low
PDD0364,Product 364,2025-12-21,124740,137214.14985648388,Feature 5,2.3,Low
PDD0365,Product 365,2025-12-28,166352,182987.36856483016,Feature 6,4.2,Medium
PDD0366,Product 366,2026-01-04,116617,128278.65397045559,Feature 7,2.8,Low
PDD0367,Product 367,2026-01-11,66896,73585.77322152525,Feature 8,3.9,Medium
PDD0368,Product 368,2026-01-18,180798,198877.9075082821,Feature 9,1.6,High
PDD0369,Product 369,2026-01-25,188877,207764.93685591282,Feature 10,4.4,Medium
PDD0370,Product 370,2026-02-01,55237,60760.657596141806,Feature 1,3.8,Medium
PDD0371,Product 371,2026-02-08,70056,77061.56465732564,Feature 2,4.6,High
PDD0372,Product 372,2026-02-15,164548,181002.59733378704,Feature 3,1.5,High
PDD0373,Product 373,2026-02-22,161488,177636.85711939208,Feature 4,3.4,Low
PDD0374,Product 374,2026-03-01,184415,202856.5375251256,Feature 5,3.4,Low
PDD0375,Product 375,2026-03-08,194572,214029.14370063285,Feature 6,2.4,Low
PDD0376,Product 376,2026-03-15,79375,87312.49181492685,Feature 7,2.8,Low
PDD0377,Product 377,2026-03-22,190734,209807.268877899,Feature 8,1.2,High
PDD0378,Product 378,2026-03-29,66964,73660.5198444953,Feature 9,4.0,Medium
PDD0379,Product 379,2026-04-05,163429,179771.85103005258,Feature 10,3.2,Low
PDD0380,Product 380,2026-04-12,117215,128936.80940490158,Feature 1,1.2,High
PDD0381,Product 381,2026-04-19,119042,130946.18243986994,Feature 2,3.7,Medium
PDD0382,Product 382,2026-04-26,194356,213791.5240381159,Feature 3,2.9,Low
PDD0383,Product 383,2026-05-03,143468,157814.75876868813,Feature 4,1.1,High
PDD0384,Product 384,2026-05-10,59435,65378.35880390235,Feature 5,4.9,High
PDD0385,Product 385,2026-05-17,128832,141715.2482271891,Feature 6,4.8,High
PDD0386,Product 386,2026-05-24,101293,111422.25801003003,Feature 7,3.1,Low
PDD0387,Product 387,2026-05-31,128781,141659.21312527906,Feature 8,1.4,High
PDD0388,Product 388,2026-06-07,93919,103310.8725252505,Feature 9,4.0,Medium
PDD0389,Product 389,2026-06-14,171172,188289.33844421117,Feature 10,3.0,Low
PDD0390,Product 390,2026-06-21,144758,159233.87574557494,Feature 1,2.2,Low
PDD0391,Product 391,2026-06-28,106573,117230.30285967767,Feature 2,3.0,Low
PDD0392,Product 392,2026-07-05,109101,120011.25802325874,Feature 3,3.1,Low
PDD0393,Product 393,2026-07-12,76646,84310.6952293461,Feature 4,3.3,Low
PDD0394,Product 394,2026-07-19,154185,169603.79462128266,Feature 5,2.8,Low
PDD0395,Product 395,2026-07-26,73049,80353.85905447551,Feature 6,3.4,Low
PDD0396,Product 396,2026-08-02,148116,162927.60766161056,Feature 7,4.7,High
PDD0397,Product 397,2026-08-09,147379,162117.0568709011,Feature 8,2.4,Low
PDD0398,Product 398,2026-08-16,118385,130223.34564621883,Feature 9,3.9,Medium
PDD0399,Product 399,2026-08-23,176131,193744.23169435633,Feature 10,4.6,High
PDD0400,Product 400,2026-08-30,73289,80617.94393027578,Feature 1,2.8,Low
PDD0401,Product 401,2026-09-06,160226,176248.51117892447,Feature 2,2.8,Low
PDD0402,Product 402,2026-09-13,150793,165872.16369603417,Feature 3,3.4,Low
PDD0403,Product 403,2026-09-20,59823,65805.2327510527,Feature 4,3.4,Low
PDD0404,Product 404,2026-09-27,91975,101172.27151804278,Feature 5,4.2,Medium
PDD0405,Product 405,2026-10-04,59540,65493.95104605564,Feature 6,2.9,Low
PDD0406,Product 406,2026-10-11,66364,73000.46225563335,Feature 7,5.0,High
PDD0407,Product 407,2026-10-18,185683,204251.25236993592,Feature 8,1.2,High
PDD0408,Product 408,2026-10-25,77663,85429.43883127015,Feature 9,1.0,High
PDD0409,Product 409,2026-11-01,101991,112190.26599476028,Feature 10,3.6,Medium
PDD0410,Product 410,2026-11-08,154182,169600.32756444826,Feature 1,2.2,Low
PDD0411,Product 411,2026-11-15,144704,159174.42306409104,Feature 2,2.0,High
PDD0412,Product 412,2026-11-22,99115,109026.26753207277,Feature 3,2.2,Low
PDD0413,Product 413,2026-11-29,141007,155107.6296302508,Feature 4,2.0,High
PDD0414,Product 414,2026-12-06,199143,219057.28579614733,Feature 5,1.1,High
PDD0415,Product 415,2026-12-13,61938,68131.71061323505,Feature 6,4.9,High
PDD0416,Product 416,2026-12-20,141680,155847.98604945245,Feature 7,1.9,High
PDD0417,Product 417,2026-12-27,54000,59400.16100674688,Feature 8,3.9,Medium
PDD0418,Product 418,2027-01-03,151042,166146.03542234705,Feature 9,4.1,Medium
PDD0419,Product 419,2027-01-10,143610,157971.1811692056,Feature 10,4.7,High
PDD0420,Product 420,2027-01-17,153691,169060.18847264218,Feature 1,1.1,High
PDD0421,Product 421,2027-01-24,88304,97134.42682168084,Feature 2,4.5,Medium
PDD0422,Product 422,2027-01-31,119449,131393.82863834445,Feature 3,3.1,Low
PDD0423,Product 423,2027-02-07,132986,146284.51260496545,Feature 4,3.5,Low
PDD0424,Product 424,2027-02-14,158940,174833.83737822855,Feature 5,3.6,Medium
PDD0425,Product 425,2027-02-21,88494,97343.57167654805,Feature 6,4.3,Medium
PDD0426,Product 426,2027-02-28,53373,58710.45376115601,Feature 7,2.3,Low
PDD0427,Product 427,2027-03-07,193233,212556.15937153716,Feature 8,3.9,Medium
PDD0428,Product 428,2027-03-14,147532,162285.14473720052,Feature 9,3.1,Low
PDD0429,Product 429,2027-03-21,142658,156923.84331447695,Feature 10,4.2,Medium
PDD0430,Product 430,2027-03-28,173633,190996.2700490862,Feature 1,5.0,High
PDD0431,Product 431,2027-04-04,150386,165424.40813252432,Feature 2,1.8,High
PDD0432,Product 432,2027-04-11,77350,85084.93422272394,Feature 3,5.0,High
PDD0433,Product 433,2027-04-18,143008,157308.99510342983,Feature 4,1.4,High
PDD0434,Product 434,2027-04-25,144297,158726.64100214097,Feature 5,1.0,High
PDD0435,Product 435,2027-05-02,75351,82886.08365326634,Feature 6,1.2,High
PDD0436,Product 436,2027-05-09,138668,152534.68548225763,Feature 7,2.4,Low
PDD0437,Product 437,2027-05-16,164585,181043.55877629857,Feature 8,3.5,Low
PDD0438,Product 438,2027-05-23,196377,216014.71151517992,Feature 9,1.3,High
PDD0439,Product 439,2027-05-30,125353,137888.22579802587,Feature 10,1.0,High
PDD0440,Product 440,2027-06-06,115953,127548.16953446044,Feature 1,4.7,High
PDD0441,Product 441,2027-06-13,107458,118203.94045433741,Feature 2,4.3,Medium
PDD0442,Product 442,2027-06-20,70358,77393.63944565934,Feature 3,4.2,Medium
PDD0443,Product 443,2027-06-27,53267,58593.75038156956,Feature 4,4.5,Medium
PDD0444,Product 444,2027-07-04,132745,146019.28461207554,Feature 5,3.8,Medium
PDD0445,Product 445,2027-07-11,139588,153546.87072116832,Feature 6,1.4,High
PDD0446,Product 446,2027-07-18,88513,97364.39702988873,Feature 7,2.6,Low
PDD0447,Product 447,2027-07-25,61338,67471.90947837116,Feature 8,3.9,Medium
PDD0448,Product 448,2027-08-01,181484,199632.38387915317,Feature 9,2.1,Low
PDD0449,Product 449,2027-08-08,57543,63297.458400360556,Feature 10,3.7,Medium
PDD0450,Product 450,2027-08-15,155891,171480.3307791695,Feature 1,1.1,High
PDD0451,Product 451,2027-08-22,110692,121761.1678376864,Feature 2,2.2,Low
PDD0452,Product 452,2027-08-29,94425,103867.454899497,Feature 3,3.2,Low
PDD0453,Product 453,2027-09-05,88756,97631.61491772604,Feature 4,3.5,Low
PDD0454,Product 454,2027-09-12,68888,75776.75223198542,Feature 5,3.3,Low
PDD0455,Product 455,2027-09-19,97295,107024.43761298041,Feature 6,3.8,Medium
PDD0456,Product 456,2027-09-26,164352,180787.146326146,Feature 7,1.0,High
PDD0457,Product 457,2027-10-03,133042,146346.37157560082,Feature 8,1.4,High
PDD0458,Product 458,2027-10-10,135999,149598.97718819953,Feature 9,4.5,Medium
PDD0459,Product 459,2027-10-17,67955,74750.45190538728,Feature 10,3.7,Medium
PDD0460,Product 460,2027-10-24,87841,96624.85448749743,Feature 1,1.5,High
PDD0461,Product 461,2027-10-31,120640,132703.84555355064,Feature 2,4.4,Medium
PDD0462,Product 462,2027-11-07,188429,207271.9503429083,Feature 3,2.0,High
PDD0463,Product 463,2027-11-14,111476,122623.38784440586,Feature 4,2.9,Low
PDD0464,Product 464,2027-11-21,94811,104292.12929935275,Feature 5,1.6,High
PDD0465,Product 465,2027-11-28,121180,133297.89344362752,Feature 6,3.8,Medium
PDD0466,Product 466,2027-12-05,162856,179141.60918057748,Feature 7,3.7,Medium
PDD0467,Product 467,2027-12-12,118450,130295.00638563014,Feature 8,1.8,High
PDD0468,Product 468,2027-12-19,161888,178076.8120589934,Feature 9,4.5,Medium
PDD0469,Product 469,2027-12-26,160448,176492.76055781532,Feature 10,2.6,Low
PDD0470,Product 470,2028-01-02,64397,70836.65727143745,Feature 1,2.2,Low
PDD0471,Product 471,2028-01-09,181800,199979.92792095814,Feature 2,1.6,High
PDD0472,Product 472,2028-01-16,169180,186098.04838923176,Feature 3,2.1,Low
PDD0473,Product 473,2028-01-23,116234,127857.48051926748,Feature 4,1.1,High
PDD0474,Product 474,2028-01-30,89954,98949.27810274776,Feature 5,3.3,Low
PDD0475,Product 475,2028-02-06,129459,142404.8948371528,Feature 6,4.4,Medium
PDD0476,Product 476,2028-02-13,197851,217636.11965820735,Feature 7,3.2,Low
PDD0477,Product 477,2028-02-20,109163,120079.31837711346,Feature 8,1.9,High
PDD0478,Product 478,2028-02-27,101934,112127.41667696196,Feature 9,1.1,High
PDD0479,Product 479,2028-03-05,104098,114507.75979651896,Feature 10,1.9,High
PDD0480,Product 480,2028-03-12,55486,61034.62790304255,Feature 1,2.7,Low
PDD0481,Product 481,2028-03-19,189407,208347.7618028711,Feature 2,4.0,Medium
PDD0482,Product 482,2028-03-26,136900,150590.01410366557,Feature 3,1.8,High
PDD0483,Product 483,2028-04-02,176020,193622.05059398367,Feature 4,3.9,Medium
PDD0484,Product 484,2028-04-09,152795,168074.59903534112,Feature 5,4.5,Medium
PDD0485,Product 485,2028-04-16,192202,211422.01490596423,Feature 6,2.8,Low
PDD0486,Product 486,2028-04-23,137508,151258.89434638422,Feature 7,4.3,Medium
PDD0487,Product 487,2028-04-30,168324,185156.43424277654,Feature 8,3.2,Low
PDD0488,Product 488,2028-05-07,110566,121622.48883746723,Feature 9,3.5,Low
PDD0489,Product 489,2028-05-14,77192,84911.28024708825,Feature 10,3.1,Low
PDD0490,Product 490,2028-05-21,51062,56168.1601679094,Feature 1,2.9,Low
PDD0491,Product 491,2028-05-28,134076,147483.57380335638,Feature 2,1.9,High
PDD0492,Product 492,2028-06-04,139780,153757.94923202175,Feature 3,2.2,Low
PDD0493,Product 493,2028-06-11,71689,78857.93023988443,Feature 4,2.2,Low
PDD0494,Product 494,2028-06-18,61174,67291.32146468575,Feature 5,3.3,Low
PDD0495,Product 495,2028-06-25,138461,152307.190147463,Feature 6,1.5,High
PDD0496,Product 496,2028-07-02,176174,193791.3861137413,Feature 7,4.7,High
PDD0497,Product 497,2028-07-09,153033,168336.26357975166,Feature 8,3.9,Medium
PDD0498,Product 498,2028-07-16,59348,65282.87528756777,Feature 9,2.6,Low
PDD0499,Product 499,2028-07-23,88102,96912.16804432379,Feature 10,1.6,High
PDD0500,Product 500,2028-07-30,124460,136906.09481768255,Feature 1,4.5,Medium
PDD0501,Product 501,2028-08-06,152634,167897.4979592951,Feature 2,4.3,Medium
PDD0502,Product 502,2028-08-13,139930,153922.8665196162,Feature 3,3.9,Medium
PDD0503,Product 503,2028-08-20,56801,62481.21092602023,Feature 4,2.1,Low
PDD0504,Product 504,2028-08-27,153150,168464.85379640284,Feature 5,2.6,Low
PDD0505,Product 505,2028-09-03,51542,56696.31715805269,Feature 6,1.4,High
PDD0506,Product 506,2028-09-10,71677,78844.90283571923,Feature 7,1.8,High
PDD0507,Product 507,2028-09-17,89081,97989.18748344383,Feature 8,4.1,Medium
PDD0508,Product 508,2028-09-24,143105,157415.28430193552,Feature 9,3.9,Medium
PDD0509,Product 509,2028-10-01,69065,75971.60635657194,Feature 10,3.4,Low
PDD0510,Product 510,2028-10-08,138092,151901.4246128966,Feature 1,4.6,High
PDD0511,Product 511,2028-10-15,104693,115162.26969683591,Feature 2,3.3,Low
PDD0512,Product 512,2028-10-22,76962,84658.19652966801,Feature 3,2.9,Low
PDD0513,Product 513,2028-10-29,78295,86124.3811513278,Feature 4,2.4,Low
PDD0514,Product 514,2028-11-05,63807,70187.73120794189,Feature 5,4.8,High
PDD0515,Product 515,2028-11-12,182396,200635.72691771825,Feature 6,1.3,High
PDD0516,Product 516,2028-11-19,141267,155393.76977371282,Feature 7,4.7,High
PDD0517,Product 517,2028-11-26,69870,76857.31419669773,Feature 8,4.3,Medium
PDD0518,Product 518,2028-12-03,76790,84469.0033027043,Feature 9,1.5,High
PDD0519,Product 519,2028-12-10,168874,185761.23693266328,Feature 10,3.3,Low
PDD0520,Product 520,2028-12-17,75289,82817.91709709716,Feature 1,4.5,Medium
PDD0521,Product 521,2028-12-24,65485,72033.25835482348,Feature 2,3.3,Low
PDD0522,Product 522,2028-12-31,94482,103930.14668960753,Feature 3,4.6,High
PDD0523,Product 523,2029-01-07,136188,149806.96243820587,Feature 4,4.8,High
PDD0524,Product 524,2029-01-14,54748,60222.83251336487,Feature 5,2.7,Low
PDD0525,Product 525,2029-01-21,190507,209557.7179416813,Feature 6,2.5,Low
PDD0526,Product 526,2029-01-28,53709,59080.082078037674,Feature 7,4.7,High
PDD0527,Product 527,2029-02-04,173961,191357.07294001084,Feature 8,3.7,Medium
PDD0528,Product 528,2029-02-11,80355,88390.62618204129,Feature 9,1.5,High
PDD0529,Product 529,2029-02-18,194188,213606.81293069755,Feature 10,1.2,High
PDD0530,Product 530,2029-02-25,92918,102209.83800474634,Feature 1,3.3,Low
PDD0531,Product 531,2029-03-04,102224,112446.27826951443,Feature 2,4.7,High
PDD0532,Product 532,2029-03-11,89298,98227.75179532052,Feature 3,4.4,Medium
PDD0533,Product 533,2029-03-18,130219,143240.76024817672,Feature 4,3.7,Medium
PDD0534,Product 534,2029-03-25,111629,122791.89047549218,Feature 5,1.6,High
PDD0535,Product 535,2029-04-01,116040,127644.0390402344,Feature 6,2.0,High
PDD0536,Product 536,2029-04-08,78016,85817.4889961895,Feature 7,4.5,Medium
PDD0537,Product 537,2029-04-15,73960,81356.20491789228,Feature 8,1.7,High
PDD0538,Product 538,2029-04-22,83591,91950.12781060192,Feature 9,2.1,Low
PDD0539,Product 539,2029-04-29,153333,168666.30577955858,Feature 10,1.5,High
PDD0540,Product 540,2029-05-06,164821,181303.17696577514,Feature 1,3.7,Medium
PDD0541,Product 541,2029-05-13,86395,95034.41710719193,Feature 2,4.8,High
PDD0542,Product 542,2029-05-20,179695,197664.51634774794,Feature 3,2.1,Low
PDD0543,Product 543,2029-05-27,84620,93081.92831337798,Feature 4,2.9,Low
PDD0544,Product 544,2029-06-03,178148,195962.95586799103,Feature 5,3.5,Low
PDD0545,Product 545,2029-06-10,70559,77614.79413606507,Feature 6,5.0,High
PDD0546,Product 546,2029-06-17,143396,157735.60631654595,Feature 7,1.4,High
PDD0547,Product 547,2029-06-24,71732,78905.23293157853,Feature 8,3.0,Low
PDD0548,Product 548,2029-07-01,141362,155498.23948257446,Feature 9,2.5,Low
PDD0549,Product 549,2029-07-08,63843,70227.2418764827,Feature 10,4.5,Medium
PDD0550,Product 550,2029-07-15,164065,180471.41044905983,Feature 1,2.9,Low
PDD0551,Product 551,2029-07-22,121726,133898.5433204827,Feature 2,1.4,High
PDD0552,Product 552,2029-07-29,67640,74404.05283254343,Feature 3,3.5,Low
PDD0553,Product 553,2029-08-05,102528,112780.78561542291,Feature 4,4.1,Medium
PDD0554,Product 554,2029-08-12,88413,97254.37962088085,Feature 5,1.0,High
PDD0555,Product 555,2029-08-19,102638,112901.84770037195,Feature 6,4.4,Medium
PDD0556,Product 556,2029-08-26,160133,176146.07230873022,Feature 7,1.7,High
PDD0557,Product 557,2029-09-02,156357,171992.7247497797,Feature 8,3.2,Low
PDD0558,Product 558,2029-09-09,188186,207004.82504547678,Feature 9,2.7,Low
PDD0559,Product 559,2029-09-16,128859,141745.03252690512,Feature 10,3.9,Medium
PDD0560,Product 560,2029-09-23,149657,164622.74220131608,Feature 1,2.5,Low
PDD0561,Product 561,2029-09-30,192047,211251.59406078697,Feature 2,4.5,Medium
PDD0562,Product 562,2029-10-07,61023,67125.34775537162,Feature 3,3.9,Medium
PDD0563,Product 563,2029-10-14,71447,78591.773974994,Feature 4,3.6,Medium
PDD0564,Product 564,2029-10-21,175899,193488.87462533196,Feature 5,4.2,Medium
PDD0565,Product 565,2029-10-28,73959,81354.93167420589,Feature 6,4.0,Medium
PDD0566,Product 566,2029-11-04,116203,127823.45096624586,Feature 7,1.1,High
PDD0567,Product 567,2029-11-11,169156,186071.51427255804,Feature 8,2.6,Low
PDD0568,Product 568,2029-11-18,59337,65270.594170039505,Feature 9,4.7,High
PDD0569,Product 569,2029-11-25,96427,106069.76926993261,Feature 10,1.5,High
PDD0570,Product 570,2029-12-02,111529,122681.94575426362,Feature 1,3.9,Medium
PDD0571,Product 571,2029-12-09,152023,167225.40288382955,Feature 2,4.9,High
PDD0572,Product 572,2029-12-16,134665,148131.5569793812,Feature 3,1.2,High
PDD0573,Product 573,2029-12-23,155787,171365.6432244937,Feature 4,3.7,Medium
PDD0574,Product 574,2029-12-30,83307,91637.74321926516,Feature 5,2.9,Low
PDD0575,Product 575,2030-01-06,177016,194717.48578734568,Feature 6,3.3,Low
PDD0576,Product 576,2030-01-13,54835,60318.47496812883,Feature 7,1.3,High
PDD0577,Product 577,2030-01-20,70159,77174.95027992311,Feature 8,1.2,High
PDD0578,Product 578,2030-01-27,171790,188968.96394857837,Feature 9,3.7,Medium
PDD0579,Product 579,2030-02-03,155616,171177.84680521823,Feature 10,4.3,Medium
PDD0580,Product 580,2030-02-10,128752,141627.01078157514,Feature 1,4.1,Medium
PDD0581,Product 581,2030-02-17,105284,115812.34525096431,Feature 2,3.2,Low
PDD0582,Product 582,2030-02-24,107043,117747.20622201661,Feature 3,1.4,High
PDD0583,Product 583,2030-03-03,147007,161707.62996511927,Feature 4,3.8,Medium
PDD0584,Product 584,2030-03-10,132844,146128.33570017767,Feature 5,2.0,High
PDD0585,Product 585,2030-03-17,77532,85285.06735793133,Feature 6,4.6,High
PDD0586,Product 586,2030-03-24,172402,189642.27527021486,Feature 7,4.4,Medium
PDD0587,Product 587,2030-03-31,168012,184813.14529047027,Feature 8,3.8,Medium
PDD0588,Product 588,2030-04-07,186785,205463.51635733357,Feature 9,4.8,High
PDD0589,Product 589,2030-04-14,106178,116795.75651742381,Feature 10,1.1,High
PDD0590,Product 590,2030-04-21,99407,109347.63091195878,Feature 1,3.9,Medium
PDD0591,Product 591,2030-04-28,100990,111089.16722792362,Feature 2,2.3,Low
PDD0592,Product 592,2030-05-05,179473,197420.39229321823,Feature 3,4.6,High
PDD0593,Product 593,2030-05-12,108141,118954.91317996001,Feature 4,2.1,Low
PDD0594,Product 594,2030-05-19,106570,117226.80258625519,Feature 5,3.9,Medium
PDD0595,Product 595,2030-05-26,51015,56116.60426088357,Feature 6,4.5,Medium
PDD0596,Product 596,2030-06-02,111813,122994.24801466084,Feature 7,1.2,High
PDD0597,Product 597,2030-06-09,77712,85483.03509176662,Feature 8,2.6,Low
PDD0598,Product 598,2030-06-16,150497,165546.80457351328,Feature 9,4.0,Medium
PDD0599,Product 599,2030-06-23,189487,208435.716912405,Feature 10,2.8,Low
PDD0600,Product 600,2030-06-30,162816,179097.6251571085,Feature 1,2.1,Low
PDD0601,Product 601,2030-07-07,178778,196655.8809539272,Feature 2,1.9,High
PDD0602,Product 602,2030-07-14,112292,123521.06900228419,Feature 3,1.5,High
PDD0603,Product 603,2030-07-21,73833,81216.13684991786,Feature 4,4.4,Medium
PDD0604,Product 604,2030-07-28,185230,203753.1580954295,Feature 5,3.3,Low
PDD0605,Product 605,2030-08-04,70309,77339.75628332394,Feature 6,1.3,High
PDD0606,Product 606,2030-08-11,56970,62666.8777762203,Feature 7,2.5,Low
PDD0607,Product 607,2030-08-18,122474,134721.29775646207,Feature 8,2.5,Low
PDD0608,Product 608,2030-08-25,96540,106194.20799459239,Feature 9,1.7,High
PDD0609,Product 609,2030-09-01,68017,74818.74933833005,Feature 10,2.7,Low
PDD0610,Product 610,2030-09-08,125880,138468.09654079744,Feature 1,2.3,Low
PDD0611,Product 611,2030-09-15,155570,171127.01961675455,Feature 2,2.4,Low
PDD0612,Product 612,2030-09-22,58702,64572.13981127888,Feature 3,4.0,Medium
PDD0613,Product 613,2030-09-29,181456,199601.66312912834,Feature 4,1.9,High
PDD0614,Product 614,2030-10-06,50404,55444.244338402925,Feature 5,3.6,Medium
PDD0615,Product 615,2030-10-13,62763,69039.19047165479,Feature 6,3.3,Low
PDD0616,Product 616,2030-10-20,199456,219401.67329751793,Feature 7,3.3,Low
PDD0617,Product 617,2030-10-27,148142,162956.06427447693,Feature 8,3.7,Medium
PDD0618,Product 618,2030-11-03,190932,210025.1810918531,Feature 9,3.2,Low
PDD0619,Product 619,2030-11-10,130642,143706.1856487656,Feature 10,4.5,Medium
PDD0620,Product 620,2030-11-17,100612,110673.14713379968,Feature 1,3.7,Medium
PDD0621,Product 621,2030-11-24,73574,80931.20488815253,Feature 2,3.2,Low
PDD0622,Product 622,2030-12-01,73524,80876.33710711088,Feature 3,4.3,Medium
PDD0623,Product 623,2030-12-08,60916,67007.51750316231,Feature 4,3.4,Low
PDD0624,Product 624,2030-12-15,54809,60289.91614398633,Feature 5,2.2,Low
PDD0625,Product 625,2030-12-22,194528,213980.81104905388,Feature 6,1.8,High
PDD0626,Product 626,2030-12-29,171288,188416.83779614602,Feature 7,1.6,High
PDD0627,Product 627,2031-01-05,88765,97641.43240137272,Feature 8,4.6,High
PDD0628,Product 628,2031-01-12,95106,104616.65227779506,Feature 9,3.8,Medium
PDD0629,Product 629,2031-01-19,103932,114325.04439932674,Feature 10,4.7,High
PDD0630,Product 630,2031-01-26,198172,217989.01780952673,Feature 1,3.4,Low
PDD0631,Product 631,2031-02-02,107091,117799.8664427276,Feature 2,2.9,Low
PDD0632,Product 632,2031-02-09,71949,79143.85007027605,Feature 3,1.2,High
PDD0633,Product 633,2031-02-16,87744,96518.32467017758,Feature 4,3.7,Medium
PDD0634,Product 634,2031-02-23,158319,174150.9789315612,Feature 5,3.3,Low
PDD0635,Product 635,2031-03-02,142193,156412.2351337413,Feature 6,5.0,High
PDD0636,Product 636,2031-03-09,86187,94805.7273376348,Feature 7,2.0,High
PDD0637,Product 637,2031-03-16,188311,207142.18132965767,Feature 8,3.1,Low
PDD0638,Product 638,2031-03-23,174454,191899.33136809245,Feature 9,3.6,Medium
PDD0639,Product 639,2031-03-30,64489,70937.92980522102,Feature 10,3.6,Medium
PDD0640,Product 640,2031-04-06,111877,123064.8001927549,Feature 1,3.2,Low
PDD0641,Product 641,2031-04-13,99922,109914.07618372253,Feature 2,4.1,Medium
PDD0642,Product 642,2031-04-20,144074,158481.40248523385,Feature 3,1.8,High
PDD0643,Product 643,2031-04-27,87131,95844.03179656169,Feature 4,3.9,Medium
PDD0644,Product 644,2031-05-04,165765,182341.38255101177,Feature 5,3.5,Low
PDD0645,Product 645,2031-05-11,123963,136359.14635482596,Feature 6,4.6,High
PDD0646,Product 646,2031-05-18,156884,172572.2809351428,Feature 7,4.4,Medium
PDD0647,Product 647,2031-05-25,175917,193508.70600290058,Feature 8,2.3,Low
PDD0648,Product 648,2031-06-01,74285,81713.33891555444,Feature 9,2.1,Low
PDD0649,Product 649,2031-06-08,87626,96388.5449272976,Feature 10,4.9,High
PDD0650,Product 650,2031-06-15,69198,76117.88131944068,Feature 1,3.1,Low
PDD0651,Product 651,2031-06-22,65254,71779.44490109634,Feature 2,4.6,High
PDD0652,Product 652,2031-06-29,94238,103661.74694923771,Feature 3,1.7,High
PDD0653,Product 653,2031-07-06,51252,56377.36896904134,Feature 4,3.6,Medium
PDD0654,Product 654,2031-07-13,89764,98740.5893036414,Feature 5,4.2,Medium
PDD0655,Product 655,2031-07-20,127709,140479.90261224317,Feature 6,4.8,High
PDD0656,Product 656,2031-07-27,103682,114049.95314570842,Feature 7,2.3,Low
PDD0657,Product 657,2031-08-03,109494,120443.4886448197,Feature 8,3.9,Medium
PDD0658,Product 658,2031-08-10,131317,144448.470602366,Feature 9,3.2,Low
PDD0659,Product 659,2031-08-17,115215,126736.64761461108,Feature 10,1.2,High
PDD0660,Product 660,2031-08-24,128587,141445.8083584901,Feature 1,3.8,Medium
PDD0661,Product 661,2031-08-31,56949,62644.07742125042,Feature 2,3.8,Medium
PDD0662,Product 662,2031-09-07,105393,115932.32602655583,Feature 3,4.7,High
PDD0663,Product 663,2031-09-14,188013,206814.2638614233,Feature 4,3.0,Low
PDD0664,Product 664,2031-09-21,75934,83527.35498988663,Feature 5,1.9,High
PDD0665,Product 665,2031-09-28,125745,138319.4453739829,Feature 6,1.2,High
PDD0666,Product 666,2031-10-05,144456,158901.69810686537,Feature 7,2.7,Low
PDD0667,Product 667,2031-10-12,103413,113754.37122714895,Feature 8,2.2,Low
PDD0668,Product 668,2031-10-19,147239,161962.91202256337,Feature 9,4.0,Medium
PDD0669,Product 669,2031-10-26,92318,101549.72778186921,Feature 10,2.4,Low
PDD0670,Product 670,2031-11-02,120390,132429.26292126314,Feature 1,4.8,High
PDD0671,Product 671,2031-11-09,93088,102396.8912374614,Feature 2,4.8,High
PDD0672,Product 672,2031-11-16,153196,168515.44022880803,Feature 3,3.5,Low
PDD0673,Product 673,2031-11-23,105479,116026.84837439841,Feature 4,4.7,High
PDD0674,Product 674,2031-11-30,69963,76959.39317760975,Feature 5,4.0,Medium
PDD0675,Product 675,2031-12-07,105123,115635.22004610788,Feature 6,3.2,Low
PDD0676,Product 676,2031-12-14,175911,193502.1351547959,Feature 7,1.7,High
PDD0677,Product 677,2031-12-21,152468,167714.89507963005,Feature 8,2.8,Low
PDD0678,Product 678,2031-12-28,123477,135824.36115719174,Feature 9,3.2,Low
PDD0679,Product 679,2032-01-04,64388,70826.78919623002,Feature 10,4.5,Medium
PDD0680,Product 680,2032-01-11,55569,61125.89312091536,Feature 1,2.9,Low
PDD0681,Product 681,2032-01-18,119836,131819.55879275443,Feature 2,4.6,High
PDD0682,Product 682,2032-01-25,154573,170030.3301695135,Feature 3,3.7,Medium
PDD0683,Product 683,2032-02-01,193087,212395.76575196077,Feature 4,1.5,High
PDD0684,Product 684,2032-02-08,95002,104502.21420509444,Feature 5,5.0,High
PDD0685,Product 685,2032-02-15,187326,206058.5626172606,Feature 6,3.1,Low
PDD0686,Product 686,2032-02-22,198216,218037.66326213,Feature 7,2.6,Low
PDD0687,Product 687,2032-02-29,187162,205878.20490534094,Feature 8,3.6,Medium
PDD0688,Product 688,2032-03-07,192709,211979.8769299587,Feature 9,1.4,High
PDD0689,Product 689,2032-03-14,74071,81477.96877206147,Feature 10,3.5,Low
PDD0690,Product 690,2032-03-21,108243,119067.14373452148,Feature 1,3.0,Low
PDD0691,Product 691,2032-03-28,175827,193409.56687702073,Feature 2,2.6,Low
PDD0692,Product 692,2032-04-04,158215,174036.5278329061,Feature 3,4.8,High
PDD0693,Product 693,2032-04-11,151570,166726.99209212523,Feature 4,3.1,Low
PDD0694,Product 694,2032-04-18,119724,131696.25197159022,Feature 5,1.9,High
PDD0695,Product 695,2032-04-25,165359,181894.9645917826,Feature 6,2.8,Low
PDD0696,Product 696,2032-05-02,125697,138266.83743095133,Feature 7,4.7,High
PDD0697,Product 697,2032-05-09,78732,86605.14015063834,Feature 8,1.7,High
PDD0698,Product 698,2032-05-16,171465,188611.3259018143,Feature 9,1.9,High
PDD0699,Product 699,2032-05-23,192386,211624.5290873615,Feature 10,1.1,High
PDD0700,Product 700,2032-05-30,107108,117818.88544606268,Feature 1,1.1,High
PDD0701,Product 701,2032-06-06,161195,177314.55485298586,Feature 2,4.3,Medium
PDD0702,Product 702,2032-06-13,153081,168389.00775673141,Feature 3,3.9,Medium
PDD0703,Product 703,2032-06-20,86668,95334.95211721378,Feature 4,2.4,Low
PDD0704,Product 704,2032-06-27,73061,80367.23482800659,Feature 5,3.8,Medium
PDD0705,Product 705,2032-07-04,129252,142177.12669939367,Feature 6,2.6,Low
PDD0706,Product 706,2032-07-11,89749,98723.82567099971,Feature 7,4.8,High
PDD0707,Product 707,2032-07-18,180560,198615.94071720628,Feature 8,4.9,High
PDD0708,Product 708,2032-07-25,154680,170147.94926672245,Feature 9,2.6,Low
PDD0709,Product 709,2032-08-01,197979,217776.9950538008,Feature 10,4.4,Medium
PDD0710,Product 710,2032-08-08,199849,219833.94253290608,Feature 1,4.1,Medium
PDD0711,Product 711,2032-08-15,101745,111919.58770787696,Feature 2,2.2,Low
PDD0712,Product 712,2032-08-22,158464,174310.46735651433,Feature 3,1.9,High
PDD0713,Product 713,2032-08-29,141865,156051.67145270683,Feature 4,2.8,Low
PDD0714,Product 714,2032-09-05,162428,178670.69406144563,Feature 5,4.1,Medium
PDD0715,Product 715,2032-09-12,73624,80986.43803585305,Feature 6,4.8,High
PDD0716,Product 716,2032-09-19,73321,80652.88261787438,Feature 7,4.1,Medium
PDD0717,Product 717,2032-09-26,191560,210715.8683044426,Feature 8,4.4,Medium
PDD0718,Product 718,2032-10-03,72574,79831.39251466142,Feature 9,3.4,Low
PDD0719,Product 719,2032-10-10,186312,204943.2418206613,Feature 10,4.3,Medium
PDD0720,Product 720,2032-10-17,191550,210704.98981842582,Feature 1,4.1,Medium
PDD0721,Product 721,2032-10-24,168831,185714.04328075814,Feature 2,2.5,Low
PDD0722,Product 722,2032-10-31,185504,204054.36105821226,Feature 3,3.2,Low
PDD0723,Product 723,2032-11-07,145257,159782.83694409765,Feature 4,4.2,Medium
PDD0724,Product 724,2032-11-14,114291,125720.06159678222,Feature 5,1.2,High
PDD0725,Product 725,2032-11-21,177600,195360.17492416225,Feature 6,4.2,Medium
PDD0726,Product 726,2032-11-28,100428,110470.87940170735,Feature 7,1.7,High
PDD0727,Product 727,2032-12-05,181374,199511.44575373465,Feature 8,3.1,Low
PDD0728,Product 728,2032-12-12,181127,199239.58064030897,Feature 9,4.2,Medium
PDD0729,Product 729,2032-12-19,161317,177448.79352381616,Feature 10,2.0,High
PDD0730,Product 730,2032-12-26,189789,208767.85062294223,Feature 1,2.0,High
PDD0731,Product 731,2033-01-02,177449,195193.78055602423,Feature 2,2.6,Low
PDD0732,Product 732,2033-01-09,78699,86568.95128436132,Feature 3,4.6,High
PDD0733,Product 733,2033-01-16,123686,136054.46120539395,Feature 4,1.0,High
PDD0734,Product 734,2033-01-23,117661,129427.0237758538,Feature 5,4.6,High
PDD0735,Product 735,2033-01-30,94247,103671.69898840887,Feature 6,1.6,High
PDD0736,Product 736,2033-02-06,197820,217602.22184214243,Feature 7,5.0,High
PDD0737,Product 737,2033-02-13,155113,170624.23130842444,Feature 8,4.8,High
PDD0738,Product 738,2033-02-20,54621,60083.05417834807,Feature 9,3.0,Low
PDD0739,Product 739,2033-02-27,196106,215716.67323450546,Feature 10,3.1,Low
PDD0740,Product 740,2033-03-06,186198,204817.6761704312,Feature 1,2.9,Low
PDD0741,Product 741,2033-03-13,186194,204813.44428063813,Feature 2,3.5,Low
PDD0742,Product 742,2033-03-20,68030,74833.12059268076,Feature 3,1.4,High
PDD0743,Product 743,2033-03-27,132838,146121.76929051155,Feature 4,1.1,High
PDD0744,Product 744,2033-04-03,134717,148188.80261542814,Feature 5,1.2,High
PDD0745,Product 745,2033-04-10,88638,97501.82914499233,Feature 6,2.8,Low
PDD0746,Product 746,2033-04-17,117067,128773.62693180364,Feature 7,2.1,Low
PDD0747,Product 747,2033-04-24,168033,184836.2802195314,Feature 8,3.5,Low
PDD0748,Product 748,2033-05-01,155977,171574.662024266,Feature 9,5.0,High
PDD0749,Product 749,2033-05-08,138869,152755.89123617424,Feature 10,2.5,Low
PDD0750,Product 750,2033-05-15,155186,170704.61527178992,Feature 1,3.3,Low
PDD0751,Product 751,2033-05-22,84674,93141.45881999351,Feature 2,2.7,Low
PDD0752,Product 752,2033-05-29,96271,105898.15086682496,Feature 3,4.4,Medium
PDD0753,Product 753,2033-06-05,123688,136056.5568286429,Feature 4,4.6,High
PDD0754,Product 754,2033-06-12,161076,177183.59026918112,Feature 5,4.5,Medium
PDD0755,Product 755,2033-06-19,191339,210472.7490578087,Feature 6,4.9,High
PDD0756,Product 756,2033-06-26,51062,56168.17242727476,Feature 7,1.1,High
PDD0757,Product 757,2033-07-03,100448,110492.78762104122,Feature 8,4.4,Medium
PDD0758,Product 758,2033-07-10,145462,160008.2976148358,Feature 9,4.0,Medium
PDD0759,Product 759,2033-07-17,187301,206031.0969884533,Feature 10,1.9,High
PDD0760,Product 760,2033-07-24,97915,107706.52592180185,Feature 1,4.8,High
PDD0761,Product 761,2033-07-31,54632,60095.27930563807,Feature 2,1.6,High
PDD0762,Product 762,2033-08-07,154592,170051.322775226,Feature 3,3.7,Medium
PDD0763,Product 763,2033-08-14,184668,203134.7876986077,Feature 4,1.9,High
PDD0764,Product 764,2033-08-21,159779,175756.9094179442,Feature 5,2.7,Low
PDD0765,Product 765,2033-08-28,187240,205964.00100233025,Feature 6,3.9,Medium
PDD0766,Product 766,2033-09-04,158099,173908.84574010357,Feature 7,3.3,Low
PDD0767,Product 767,2033-09-11,57561,63317.02308847766,Feature 8,2.7,Low
PDD0768,Product 768,2033-09-18,132152,145366.97281140837,Feature 9,2.3,Low
PDD0769,Product 769,2033-09-25,175036,192539.49233390656,Feature 10,4.4,Medium
PDD0770,Product 770,2033-10-02,174049,191453.7221369167,Feature 1,1.6,High
PDD0771,Product 771,2033-10-09,76734,84407.52551984845,Feature 2,2.7,Low
PDD0772,Product 772,2033-10-16,187443,206187.31884160085,Feature 3,4.6,High
PDD0773,Product 773,2033-10-23,76069,83675.88740610272,Feature 4,4.4,Medium
PDD0774,Product 774,2033-10-30,62910,69200.9282514814,Feature 5,2.6,Low
PDD0775,Product 775,2033-11-06,123479,135826.90297792634,Feature 6,4.1,Medium
PDD0776,Product 776,2033-11-13,131264,144390.31520201225,Feature 7,4.3,Medium
PDD0777,Product 777,2033-11-20,73275,80602.51740185566,Feature 8,4.6,High
PDD0778,Product 778,2033-11-27,122274,134501.4245733983,Feature 9,3.2,Low
PDD0779,Product 779,2033-12-04,150776,165853.51386162976,Feature 10,1.8,High
PDD0780,Product 780,2033-12-11,98447,108291.61195380353,Feature 1,2.0,High
PDD0781,Product 781,2033-12-18,176394,194033.49621993548,Feature 2,2.2,Low
PDD0782,Product 782,2033-12-25,125703,138273.2947140046,Feature 3,3.4,Low
PDD0783,Product 783,2034-01-01,126090,138698.92189795707,Feature 4,1.1,High
PDD0784,Product 784,2034-01-08,67260,73985.96294936983,Feature 5,3.5,Low
PDD0785,Product 785,2034-01-15,162581,178838.99894059132,Feature 6,2.5,Low
PDD0786,Product 786,2034-01-22,53812,59193.193281641936,Feature 7,2.2,Low
PDD0787,Product 787,2034-01-29,166148,182762.88316283078,Feature 8,4.5,Medium
PDD0788,Product 788,2034-02-05,166421,183063.09723293324,Feature 9,2.8,Low
PDD0789,Product 789,2034-02-12,51605,56765.736363344375,Feature 10,1.4,High
PDD0790,Product 790,2034-02-19,122303,134533.34213595683,Feature 1,4.3,Medium
PDD0791,Product 791,2034-02-26,126125,138737.52299544477,Feature 2,1.2,High
PDD0792,Product 792,2034-03-05,194990,214488.90916978693,Feature 3,3.9,Medium
PDD0793,Product 793,2034-03-12,174040,191443.97614665533,Feature 4,4.1,Medium
PDD0794,Product 794,2034-03-19,194118,213529.72209861572,Feature 5,2.4,Low
PDD0795,Product 795,2034-03-26,54324,59756.18343547716,Feature 6,4.3,Medium
PDD0796,Product 796,2034-04-02,126323,138955.39742622222,Feature 7,3.1,Low
PDD0797,Product 797,2034-04-09,59111,65022.04885494445,Feature 8,2.9,Low
PDD0798,Product 798,2034-04-16,66389,73027.82395999257,Feature 9,1.2,High
PDD0799,Product 799,2034-04-23,172177,189394.7210570034,Feature 10,2.2,Low
PDD0800,Product 800,2034-04-30,91427,100569.75124995524,Feature 1,4.7,High
PDD0801,Product 801,2034-05-07,172883,190171.26792251674,Feature 2,2.6,Low
PDD0802,Product 802,2034-05-14,181189,199307.89973983326,Feature 3,3.2,Low
PDD0803,Product 803,2034-05-21,175808,193388.87461874075,Feature 4,3.1,Low
PDD0804,Product 804,2034-05-28,162221,178443.06398064055,Feature 5,3.4,Low
PDD0805,Product 805,2034-06-04,63234,69557.43023337418,Feature 6,1.2,High
PDD0806,Product 806,2034-06-11,103441,113784.93407553817,Feature 7,2.4,Low
PDD0807,Product 807,2034-06-18,50846,55930.47586810016,Feature 8,3.9,Medium
PDD0808,Product 808,2034-06-25,60954,67049.46055397781,Feature 9,1.8,High
PDD0809,Product 809,2034-07-02,129239,142162.7706441361,Feature 10,1.8,High
PDD0810,Product 810,2034-07-09,96514,106165.42341375472,Feature 1,1.0,High
PDD0811,Product 811,2034-07-16,138236,152059.58530012178,Feature 2,2.7,Low
PDD0812,Product 812,2034-07-23,147579,162336.86355327378,Feature 3,4.5,Medium
PDD0813,Product 813,2034-07-30,187541,206295.0171537231,Feature 4,1.2,High
PDD0814,Product 814,2034-08-06,92101,101311.19093400182,Feature 5,1.8,High
PDD0815,Product 815,2034-08-13,114323,125755.47298911546,Feature 6,2.2,Low
PDD0816,Product 816,2034-08-20,141922,156114.23001921628,Feature 7,3.9,Medium
PDD0817,Product 817,2034-08-27,177534,195287.4322490716,Feature 8,3.6,Medium
PDD0818,Product 818,2034-09-03,117584,129342.33176693703,Feature 9,2.7,Low
PDD0819,Product 819,2034-09-10,154537,169990.58039027682,Feature 10,4.0,Medium
PDD0820,Product 820,2034-09-17,128477,141324.69602610954,Feature 1,3.4,Low
PDD0821,Product 821,2034-09-24,92533,101786.2026250352,Feature 2,4.6,High
PDD0822,Product 822,2034-10-01,51828,57010.62273898717,Feature 3,4.3,Medium
PDD0823,Product 823,2034-10-08,51917,57108.78034458124,Feature 4,2.0,High
PDD0824,Product 824,2034-10-15,70618,77679.88521667883,Feature 5,2.1,Low
PDD0825,Product 825,2034-10-22,82254,90479.31411612271,Feature 6,1.5,High
PDD0826,Product 826,2034-10-29,155292,170821.22439643214,Feature 7,2.3,Low
PDD0827,Product 827,2034-11-05,97362,107098.3001952268,Feature 8,5.0,High
PDD0828,Product 828,2034-11-12,70128,77140.8205026687,Feature 9,2.6,Low
PDD0829,Product 829,2034-11-19,173781,191158.9806845354,Feature 10,1.9,High
PDD0830,Product 830,2034-11-26,115545,127099.4767106587,Feature 1,4.0,Medium
PDD0831,Product 831,2034-12-03,132180,145398.132680942,Feature 2,3.2,Low
PDD0832,Product 832,2034-12-10,137958,151753.82470266437,Feature 3,1.6,High
PDD0833,Product 833,2034-12-17,190937,210030.75391321033,Feature 4,2.5,Low
PDD0834,Product 834,2034-12-24,183291,201620.13416292195,Feature 5,2.7,Low
PDD0835,Product 835,2034-12-31,89809,98789.81444886421,Feature 6,4.0,Medium
PDD0836,Product 836,2035-01-07,166748,183422.7379154781,Feature 7,1.1,High
PDD0837,Product 837,2035-01-14,55287,60815.73388651571,Feature 8,2.1,Low
PDD0838,Product 838,2035-01-21,58512,64363.28168717801,Feature 9,3.1,Low
PDD0839,Product 839,2035-01-28,182414,200655.5099904951,Feature 10,2.1,Low
PDD0840,Product 840,2035-02-04,158872,174759.11418944554,Feature 1,3.5,Low
PDD0841,Product 841,2035-02-11,143070,157377.04331205346,Feature 2,2.9,Low
PDD0842,Product 842,2035-02-18,129767,142743.81870441118,Feature 3,2.4,Low
PDD0843,Product 843,2035-02-25,147829,162611.801291823,Feature 4,4.8,High
PDD0844,Product 844,2035-03-04,92078,101285.94867471358,Feature 5,3.5,Low
PDD0845,Product 845,2035-03-11,156288,171916.96389408276,Feature 6,1.5,High
PDD0846,Product 846,2035-03-18,133524,146876.66250863398,Feature 7,3.2,Low
PDD0847,Product 847,2035-03-25,62219,68440.92309334408,Feature 8,4.1,Medium
PDD0848,Product 848,2035-04-01,50235,55258.52364246763,Feature 9,3.8,Medium
PDD0849,Product 849,2035-04-08,92929,102221.98269943892,Feature 10,1.7,High
PDD0850,Product 850,2035-04-15,177309,195039.97978026734,Feature 1,4.9,High
PDD0851,Product 851,2035-04-22,117444,129188.51263668611,Feature 2,2.8,Low
PDD0852,Product 852,2035-04-29,189639,208602.97840331806,Feature 3,1.6,High
PDD0853,Product 853,2035-05-06,151834,167017.3893938091,Feature 4,1.7,High
PDD0854,Product 854,2035-05-13,134555,148010.6221997121,Feature 5,1.4,High
PDD0855,Product 855,2035-05-20,123698,136067.69287458505,Feature 6,4.2,Medium
PDD0856,Product 856,2035-05-27,174450,191895.0005852337,Feature 7,1.5,High
PDD0857,Product 857,2035-06-03,186487,205135.8563735616,Feature 8,1.5,High
PDD0858,Product 858,2035-06-10,93925,103317.3749753502,Feature 9,4.4,Medium
PDD0859,Product 859,2035-06-17,187023,205725.2322524343,Feature 10,2.4,Low
PDD0860,Product 860,2035-06-24,137388,151126.86717472912,Feature 1,1.1,High
PDD0861,Product 861,2035-07-01,58007,63807.73939119733,Feature 2,1.2,High
PDD0862,Product 862,2035-07-08,108596,119455.51249745925,Feature 3,1.6,High
PDD0863,Product 863,2035-07-15,171101,188211.05838059974,Feature 4,1.9,High
PDD0864,Product 864,2035-07-22,138861,152746.98192179375,Feature 5,3.7,Medium
PDD0865,Product 865,2035-07-29,136740,150414.09804849996,Feature 6,1.6,High
PDD0866,Product 866,2035-08-05,65524,72076.37441186424,Feature 7,1.5,High
PDD0867,Product 867,2035-08-12,181149,199264.0792155911,Feature 8,4.1,Medium
PDD0868,Product 868,2035-08-19,175501,193051.10811002442,Feature 9,3.7,Medium
PDD0869,Product 869,2035-08-26,70611,77672.07802596966,Feature 10,2.7,Low
PDD0870,Product 870,2035-09-02,198056,217861.56831782387,Feature 1,3.2,Low
PDD0871,Product 871,2035-09-09,64060,70465.97558001649,Feature 2,2.2,Low
PDD0872,Product 872,2035-09-16,93303,102633.31108210952,Feature 3,2.9,Low
PDD0873,Product 873,2035-09-23,89711,98682.35124075766,Feature 4,3.0,Low
PDD0874,Product 874,2035-09-30,193026,212328.566114033,Feature 5,2.5,Low
PDD0875,Product 875,2035-10-07,123340,135673.96936465392,Feature 6,4.6,High
PDD0876,Product 876,2035-10-14,152974,168271.4065593846,Feature 7,1.1,High
PDD0877,Product 877,2035-10-21,199646,219610.70902745065,Feature 8,4.1,Medium
PDD0878,Product 878,2035-10-28,190256,209281.4579015439,Feature 9,1.5,High
PDD0879,Product 879,2035-11-04,117728,129500.84550927371,Feature 10,4.2,Medium
PDD0880,Product 880,2035-11-11,61246,67370.5182574824,Feature 1,3.5,Low
PDD0881,Product 881,2035-11-18,199453,219398.35532726892,Feature 2,4.4,Medium
PDD0882,Product 882,2035-11-25,177796,195575.55062400576,Feature 3,1.4,High
PDD0883,Product 883,2035-12-02,142263,156489.06958976603,Feature 4,3.2,Low
PDD0884,Product 884,2035-12-09,185090,203599.0369577603,Feature 5,3.0,Low
PDD0885,Product 885,2035-12-16,61302,67432.23611447704,Feature 6,3.8,Medium
PDD0886,Product 886,2035-12-23,117506,129256.54209196915,Feature 7,3.1,Low
PDD0887,Product 887,2035-12-30,91157,100272.63616561399,Feature 8,3.2,Low
PDD0888,Product 888,2036-01-06,104917,115408.56886272751,Feature 9,2.7,Low
PDD0889,Product 889,2036-01-13,146646,161310.67730999415,Feature 10,2.2,Low
PDD0890,Product 890,2036-01-20,133122,146434.28822157826,Feature 1,2.9,Low
PDD0891,Product 891,2036-01-27,74519,81970.8120949115,Feature 2,1.5,High
PDD0892,Product 892,2036-02-03,130910,144000.94600655403,Feature 3,4.8,High
PDD0893,Product 893,2036-02-10,170430,187472.99367108793,Feature 4,3.9,Medium
PDD0894,Product 894,2036-02-17,121324,133456.62708652814,Feature 5,4.8,High
PDD0895,Product 895,2036-02-24,55408,60948.85451217476,Feature 6,1.9,High
PDD0896,Product 896,2036-03-02,109379,120316.8056584485,Feature 7,4.5,Medium
PDD0897,Product 897,2036-03-09,75053,82558.33037803095,Feature 8,4.2,Medium
PDD0898,Product 898,2036-03-16,190518,209569.66233084595,Feature 9,3.7,Medium
PDD0899,Product 899,2036-03-23,181994,200193.47179903102,Feature 10,3.5,Low
PDD0900,Product 900,2036-03-30,148723,163595.46755473939,Feature 1,2.3,Low
PDD0901,Product 901,2036-04-06,101356,111491.76797916851,Feature 2,4.3,Medium
PDD0902,Product 902,2036-04-13,60789,66867.97348935036,Feature 3,3.0,Low
PDD0903,Product 903,2036-04-20,147720,162491.9416587644,Feature 4,1.3,High
PDD0904,Product 904,2036-04-27,116656,128321.46990982436,Feature 5,2.3,Low
PDD0905,Product 905,2036-05-04,94028,103430.65997949567,Feature 6,4.7,High
PDD0906,Product 906,2036-05-11,114484,125932.11937828906,Feature 7,4.4,Medium
PDD0907,Product 907,2036-05-18,82154,90369.4693855763,Feature 8,4.9,High
PDD0908,Product 908,2036-05-25,52336,57569.58971644798,Feature 9,3.5,Low
PDD0909,Product 909,2036-06-01,153677,169044.79092161666,Feature 10,2.0,High
PDD0910,Product 910,2036-06-08,117779,129557.04280314854,Feature 1,1.7,High
PDD0911,Product 911,2036-06-15,69029,75931.9099905544,Feature 2,1.7,High
PDD0912,Product 912,2036-06-22,109201,120121.11459616097,Feature 3,1.1,High
PDD0913,Product 913,2036-06-29,82265,90491.45356796557,Feature 4,2.6,Low
PDD0914,Product 914,2036-07-06,152916,168207.56539155828,Feature 5,1.8,High
PDD0915,Product 915,2036-07-13,96197,105816.77284699125,Feature 6,2.6,Low
PDD0916,Product 916,2036-07-20,175733,193306.28256249698,Feature 7,4.7,High
PDD0917,Product 917,2036-07-27,121907,134097.66809923333,Feature 8,2.7,Low
PDD0918,Product 918,2036-08-03,178876,196763.59816831406,Feature 9,4.5,Medium
PDD0919,Product 919,2036-08-10,114435,125878.58863301962,Feature 10,3.4,Low
PDD0920,Product 920,2036-08-17,90631,99694.03073384422,Feature 1,2.0,High
PDD0921,Product 921,2036-08-24,179038,196941.79334714825,Feature 2,2.4,Low
PDD0922,Product 922,2036-08-31,70103,77113.32452778379,Feature 3,1.3,High
PDD0923,Product 923,2036-09-07,114772,126249.31602219037,Feature 4,2.3,Low
PDD0924,Product 924,2036-09-14,176108,193718.77607032235,Feature 5,3.7,Medium
PDD0925,Product 925,2036-09-21,64382,70820.1282176614,Feature 6,1.3,High
PDD0926,Product 926,2036-09-28,134291,147720.05156390558,Feature 7,1.8,High
PDD0927,Product 927,2036-10-05,151195,166314.6053057433,Feature 8,2.5,Low
PDD0928,Product 928,2036-10-12,184828,203311.00333052987,Feature 9,4.9,High
PDD0929,Product 929,2036-10-19,70609,77669.76862421865,Feature 10,4.1,Medium
PDD0930,Product 930,2036-10-26,197550,217304.89046983852,Feature 1,3.9,Medium
PDD0931,Product 931,2036-11-02,125683,138251.28312032134,Feature 2,1.5,High
PDD0932,Product 932,2036-11-09,174714,192185.41109560963,Feature 3,4.1,Medium
PDD0933,Product 933,2036-11-16,180330,198363.0786969566,Feature 4,4.1,Medium
PDD0934,Product 934,2036-11-23,121315,133446.41088669913,Feature 5,3.4,Low
PDD0935,Product 935,2036-11-30,127834,140617.29368909635,Feature 6,5.0,High
PDD0936,Product 936,2036-12-07,176205,193825.51380871533,Feature 7,2.3,Low
PDD0937,Product 937,2036-12-14,64153,70568.27415992798,Feature 8,4.8,High
PDD0938,Product 938,2036-12-21,126325,138957.59267209977,Feature 9,4.7,High
PDD0939,Product 939,2036-12-28,194071,213478.14873598033,Feature 10,1.0,High
PDD0940,Product 940,2037-01-04,105318,115849.85553793477,Feature 1,2.8,Low
PDD0941,Product 941,2037-01-11,181886,200074.58955186536,Feature 2,4.9,High
PDD0942,Product 942,2037-01-18,165033,181536.53555802588,Feature 3,1.4,High
PDD0943,Product 943,2037-01-25,126077,138684.61622520184,Feature 4,3.2,Low
PDD0944,Product 944,2037-02-01,140474,154521.4610809834,Feature 5,4.9,High
PDD0945,Product 945,2037-02-08,183515,201866.37303100133,Feature 6,3.2,Low
PDD0946,Product 946,2037-02-15,123319,135650.79265323226,Feature 7,1.8,High
PDD0947,Product 947,2037-02-22,175885,193473.43926544016,Feature 8,3.3,Low
PDD0948,Product 948,2037-03-01,159777,175754.86293233366,Feature 9,1.8,High
PDD0949,Product 949,2037-03-08,67368,74104.82638944304,Feature 10,3.1,Low
PDD0950,Product 950,2037-03-15,196400,216039.94095219317,Feature 1,1.3,High
PDD0951,Product 951,2037-03-22,141751,155926.13744363262,Feature 2,3.4,Low
PDD0952,Product 952,2037-03-29,77306,85036.60351478815,Feature 3,3.1,Low
PDD0953,Product 953,2037-04-05,87219,95940.85080266309,Feature 4,4.0,Medium
PDD0954,Product 954,2037-04-12,110279,121306.76033711444,Feature 5,3.5,Low
PDD0955,Product 955,2037-04-19,103028,113330.94385424846,Feature 6,3.2,Low
PDD0956,Product 956,2037-04-26,154263,169689.3209818129,Feature 7,3.8,Medium
PDD0957,Product 957,2037-05-03,50126,55138.81737383735,Feature 8,1.6,High
PDD0958,Product 958,2037-05-10,102329,112561.99403216207,Feature 9,3.4,Low
PDD0959,Product 959,2037-05-17,77632,85395.25513197249,Feature 10,1.7,High
PDD0960,Product 960,2037-05-24,159945,175939.45647956713,Feature 1,4.7,High
PDD0961,Product 961,2037-05-31,105176,115693.49046544362,Feature 2,1.3,High
PDD0962,Product 962,2037-06-07,184869,203355.87822690158,Feature 3,2.7,Low
PDD0963,Product 963,2037-06-14,194790,214268.8875707406,Feature 4,3.8,Medium
PDD0964,Product 964,2037-06-21,84560,93016.06501903808,Feature 5,2.8,Low
PDD0965,Product 965,2037-06-28,126589,139248.0632652498,Feature 6,1.4,High
PDD0966,Product 966,2037-07-05,72116,79327.5739087734,Feature 7,3.2,Low
PDD0967,Product 967,2037-07-12,182717,200988.79444909724,Feature 8,3.6,Medium
PDD0968,Product 968,2037-07-19,174085,191493.431077093,Feature 9,3.8,Medium
PDD0969,Product 969,2037-07-26,167718,184489.76975331618,Feature 10,2.5,Low
PDD0970,Product 970,2037-08-02,69256,76181.51850360155,Feature 1,3.3,Low
PDD0971,Product 971,2037-08-09,150158,165173.5866866965,Feature 2,2.8,Low
PDD0972,Product 972,2037-08-16,169719,186690.89634666505,Feature 3,3.7,Medium
PDD0973,Product 973,2037-08-23,118244,130068.41284517376,Feature 4,3.3,Low
PDD0974,Product 974,2037-08-30,192766,212042.70658609987,Feature 5,3.1,Low
PDD0975,Product 975,2037-09-06,106264,116890.47954382528,Feature 6,2.0,High
PDD0976,Product 976,2037-09-13,107545,118299.58089528992,Feature 7,1.0,High
PDD0977,Product 977,2037-09-20,89224,98146.3025963777,Feature 8,1.7,High
PDD0978,Product 978,2037-09-27,147945,162739.54594973061,Feature 9,1.5,High
PDD0979,Product 979,2037-10-04,63224,69546.55825939655,Feature 10,2.8,Low
PDD0980,Product 980,2037-10-11,90738,99811.83798678507,Feature 1,3.4,Low
PDD0981,Product 981,2037-10-18,113731,125104.28285936131,Feature 2,1.9,High
PDD0982,Product 982,2037-10-25,189649,208614.10189661113,Feature 3,4.8,High
PDD0983,Product 983,2037-11-01,58070,63876.97315317298,Feature 4,1.0,High
PDD0984,Product 984,2037-11-08,176161,193777.0303060255,Feature 5,4.1,Medium
PDD0985,Product 985,2037-11-15,58666,64532.52385378347,Feature 6,3.5,Low
PDD0986,Product 986,2037-11-22,107761,118536.948386418,Feature 7,2.5,Low
PDD0987,Product 987,2037-11-29,86368,95004.74815971006,Feature 8,1.2,High
PDD0988,Product 988,2037-12-06,187855,206640.620766545,Feature 9,3.5,Low
PDD0989,Product 989,2037-12-13,91914,101105.17959624248,Feature 10,2.5,Low
PDD0990,Product 990,2037-12-20,177738,195511.69625465994,Feature 1,4.7,High
PDD0991,Product 991,2037-12-27,117526,129278.58728685584,Feature 2,3.2,Low
PDD0992,Product 992,2038-01-03,69956,76951.51228147994,Feature 3,4.8,High
PDD0993,Product 993,2038-01-10,96240,105863.94727140559,Feature 4,1.9,High
PDD0994,Product 994,2038-01-17,171008,188108.74876703258,Feature 5,3.9,Medium
PDD0995,Product 995,2038-01-24,144270,158696.974245978,Feature 6,3.5,Low
PDD0996,Product 996,2038-01-31,54757,60232.62705453039,Feature 7,4.0,Medium
PDD0997,Product 997,2038-02-07,69097,76006.61887867862,Feature 8,1.9,High
PDD0998,Product 998,2038-02-14,191467,210613.7934309746,Feature 9,3.7,Medium
PDD0999,Product 999,2038-02-21,197313,217044.4049654178,Feature 10,3.0,Low
PDD1000,Product 1000,2038-02-28,153892,169281.06194566548,Feature 1,4.0,Medium
